{
    "start_time": 1733084235.704579,
    "generation": 3,
    "populations": [],
    "fitness": {
        "best": [
            -1.0146242971275665,
            -1.0146242971275665
        ],
        "average": [
            -33.190485139362686,
            -31.36084202265649
        ],
        "worst": [
            -72.66611349233833,
            -79.40402940778188
        ]
    },
    "diversity": [
        0.0,
        0.0
    ],
    "parameters": {
        "mutation_rates": [
            [
                0.1,
                0.1,
                0.1,
                0.1
            ],
            [
                0.11000000000000001,
                0.11000000000000001,
                0.11000000000000001,
                0.11000000000000001
            ]
        ],
        "crossover_rates": [
            [
                0.8,
                0.8,
                0.8,
                0.8
            ],
            [
                0.7200000000000001,
                0.7200000000000001,
                0.7200000000000001,
                0.7200000000000001
            ]
        ],
        "population_sizes": [
            [
                100,
                100,
                100,
                100
            ],
            [
                110,
                110,
                110,
                110
            ]
        ],
        "selection_pressures": [
            [
                2.0,
                2.0,
                2.0,
                2.0
            ],
            [
                1.8,
                1.8,
                1.8,
                1.8
            ]
        ]
    },
    "performance": {
        "generation_times": [
            0.015647172927856445,
            0.024315357208251953
        ],
        "evaluation_times": [
            0.0038738250732421875
        ],
        "selection_times": [],
        "crossover_times": []
    },
    "convergence": {
        "stagnation_counter": 1,
        "best_fitness_history": [],
        "convergence_speed": [
            0,
            0.05512553097743983
        ]
    },
    "operators": {
        "selection_success": {},
        "crossover_success": {}
    }
}